City_ID,City,Lat,Lng,Max Temp,Humidity,Cloudiness,Wind Speed,Country,Date
0,lebu,-37.6167,-73.65,16.34,93,66,6.62,CL,1675047486
1,broken hill,-31.95,141.4333,26.77,47,50,6.27,AU,1675047803
2,georgetown,5.4112,100.3354,28.96,70,20,3.09,MY,1675047767
3,rikitea,-23.1203,-134.9692,26.25,69,22,3.99,PF,1675047810
4,punta arenas,-53.15,-70.9167,9.06,81,75,5.14,CL,1675047811
5,peniche,39.3558,-9.3811,6.92,72,6,4.84,PT,1675047816
6,muzhi,65.3667,64.6667,-21.65,100,100,1.27,RU,1675047818
7,vaini,-21.2,-175.2,29.09,84,40,4.63,TO,1675047824
8,san patricio,28.017,-97.5169,21.92,93,3,3.01,US,1675047825
9,butaritari,3.0707,172.7902,27.21,80,3,9.69,KI,1675047825
10,turukhansk,65.8167,87.9833,-24.79,100,78,1.48,RU,1675047826
11,bengkulu,-3.8004,102.2655,28.64,66,100,1.22,ID,1675047826
12,okmulgee,35.6234,-95.9605,-4.49,86,100,4.63,US,1675047827
13,pevek,69.7008,170.3133,-12.97,87,86,2.19,RU,1675047827
14,narsaq,60.9167,-46.05,-10.88,71,100,3.74,GL,1675047827
15,ushuaia,-54.8,-68.3,5.54,95,98,2.54,AR,1675047755
16,bilma,18.6853,12.9164,19.71,14,75,3.42,NE,1675047828
17,kununurra,-15.7667,128.7333,27.99,83,75,4.12,AU,1675047829
18,alofi,-19.0595,-169.9187,27.47,74,81,4.55,NU,1675047829
19,bambanglipuro,-7.95,110.2833,28.37,72,100,0.98,ID,1675047830
20,eunice,30.4944,-92.4176,21.11,98,14,3.02,US,1675047830
21,mataura,-46.1927,168.8643,24.17,53,100,2.54,NZ,1675047831
22,atuona,-9.8,-139.0333,25.99,77,13,8.31,PF,1675047831
23,clyde river,70.4692,-68.5914,-26.95,93,100,4.59,CA,1675047831
24,buala,-8.145,159.5921,26.73,84,100,2.81,SB,1675047832
25,busselton,-33.65,115.3333,29.35,36,31,3.51,AU,1675047832
26,kapaa,22.0752,-159.319,22.83,58,100,2.24,US,1675047654
27,henties bay,-22.116,14.2845,17.11,85,17,4.13,NA,1675047833
28,qaanaaq,77.484,-69.3632,-25.1,71,31,2.56,GL,1675047834
29,armizonskoye,55.9461,67.6736,-17.83,98,27,3.95,RU,1675047834
30,khatanga,71.9667,102.5,-42.0,100,71,1.07,RU,1675047835
31,cayenne,4.9333,-52.3333,26.02,78,100,2.57,GF,1675047612
32,egvekinot,66.3167,-179.1667,-6.45,73,100,7.4,RU,1675047835
33,pocatello,42.8713,-112.4455,-18.05,50,0,5.14,US,1675047836
34,leeuwarden,53.2014,5.8086,8.0,92,75,9.77,NL,1675047836
35,faya,18.3851,42.4509,9.29,89,31,1.33,SA,1675047837
36,codrington,-38.2667,141.9667,19.74,53,100,5.45,AU,1675047837
37,atar,20.5169,-13.0499,14.16,44,68,3.74,MR,1675047838
38,saint george,37.1041,-113.5841,9.41,41,100,2.68,US,1675047785
39,kitimat,54.0524,-128.6534,-4.49,73,34,1.13,CA,1675047839
40,vestmannaeyjar,63.4427,-20.2734,-0.28,75,49,6.87,IS,1675047839
41,lingao,19.9103,109.6859,17.31,44,6,4.61,CN,1675047840
42,jurado,7.1053,-77.7641,24.14,88,99,1.93,CO,1675047840
43,saryg-sep,51.5,95.6,-17.42,95,100,0.18,RU,1675047840
44,east london,-33.0153,27.9116,17.87,70,76,2.46,ZA,1675047641
45,dikson,73.5069,80.5464,-34.35,97,66,1.7,RU,1675047843
46,yellowknife,62.456,-114.3525,-28.58,68,4,5.81,CA,1675047829
47,kastamonu,41.5,33.6667,-2.58,84,100,2.09,TR,1675047492
48,srednekolymsk,67.45,153.6833,-24.12,97,100,4.47,RU,1675047846
49,antalaha,-14.9003,50.2788,24.03,87,67,1.7,MG,1675047848
50,sola,-13.8833,167.55,26.71,81,100,8.02,VU,1675047849
51,coquimbo,-29.9533,-71.3436,17.74,83,13,1.77,CL,1675047699
52,mahon,39.8885,4.2658,8.31,76,75,5.14,ES,1675047850
53,byron bay,-28.65,153.6167,30.39,72,94,5.22,AU,1675047851
54,arraial do cabo,-22.9661,-42.0278,24.77,90,86,10.31,BR,1675047852
55,cherskiy,68.75,161.3,-16.58,89,100,2.65,RU,1675047853
56,severo-kurilsk,50.6789,156.125,-3.27,79,100,17.71,RU,1675047854
57,tatvan,38.5067,42.2817,-4.54,97,97,1.34,TR,1675047855
58,kindu,-2.95,25.95,18.89,98,100,0.89,CD,1675047858
59,erenhot,43.6475,111.9767,-9.49,64,0,3.89,CN,1675047859
60,inuvik,68.3499,-133.7218,-21.95,100,100,1.01,CA,1675047631
61,ponta do sol,32.6667,-17.1,14.84,59,59,3.08,PT,1675047868
62,wilmington island,32.0036,-80.9737,15.55,97,100,2.06,US,1675047874
63,yeppoon,-23.1333,150.7333,30.88,63,79,4.55,AU,1675047876
64,tautira,-17.7333,-149.15,27.12,74,2,4.32,PF,1675047878
65,newport,51.5877,-2.9984,9.69,90,99,5.88,GB,1675047879
66,nikolskoye,59.7035,30.7861,-0.05,95,100,6.1,RU,1675047879
67,chiredzi,-21.05,31.6667,22.16,89,98,3.69,ZW,1675047880
68,keetmanshoop,-26.5833,18.1333,21.5,35,3,1.9,NA,1675047881
69,kodiak,57.79,-152.4072,3.73,100,100,3.6,US,1675047882
70,bustamante,26.5333,-100.5,20.33,56,11,3.42,MX,1675047883
71,tosya,41.0155,34.0401,-1.4,83,100,1.21,TR,1675047883
72,naantali,60.4674,22.0243,3.39,100,100,5.14,FI,1675047884
73,viedma,-40.8135,-62.9967,27.8,34,0,7.85,AR,1675047649
74,koungou,-12.7336,45.2042,24.84,94,0,0.51,YT,1675047884
75,ostrovnoy,68.0531,39.5131,-3.05,88,100,9.47,RU,1675047885
76,klaeng,12.7797,101.6483,26.3,44,100,3.84,TH,1675047885
77,ancud,-41.8697,-73.8203,15.88,92,55,1.45,CL,1675047886
78,namtsy,62.7161,129.6658,-42.18,96,67,0.37,RU,1675047886
79,port alfred,-33.5906,26.891,17.2,71,62,4.23,ZA,1675047886
80,te anau,-45.4167,167.7167,24.15,34,100,1.34,NZ,1675047887
81,lagoa,39.05,-27.9833,14.28,72,80,6.75,PT,1675047888
82,bambous virieux,-20.3428,57.7575,26.23,81,100,2.3,MU,1675047889
83,suntar,62.1444,117.6319,-25.24,96,100,2.01,RU,1675047889
84,skiathos,39.1623,23.4909,6.09,86,100,3.55,GR,1675047791
85,verkhnevilyuysk,63.4453,120.3167,-31.9,98,98,1.53,RU,1675047890
86,tuscaloosa,33.2098,-87.5692,12.8,92,100,2.42,US,1675047607
87,cape town,-33.9258,18.4232,19.39,62,71,6.26,ZA,1675047891
88,bethel,41.3712,-73.414,7.74,68,0,2.57,US,1675047891
89,bredasdorp,-34.5322,20.0403,18.31,69,96,7.53,ZA,1675047892
90,bluff,-46.6,168.3333,16.34,85,100,3.87,NZ,1675047893
91,dingle,10.9995,122.6711,24.04,96,100,4.12,PH,1675047893
92,hervey bay,-25.2986,152.8535,26.27,65,30,4.66,AU,1675047894
93,freetown,8.484,-13.2299,24.36,86,54,2.81,SL,1675047894
94,karabulak,43.3036,44.8964,-3.45,88,100,1.01,RU,1675047895
95,port elizabeth,-33.918,25.5701,17.95,77,26,0.89,ZA,1675047895
96,sorland,67.667,12.6934,2.92,62,100,12.05,NO,1675047895
97,mahebourg,-20.4081,57.7,26.25,81,100,2.27,MU,1675047896
98,holland,42.7875,-86.1089,-2.88,80,100,1.54,US,1675047897
99,avarua,-21.2078,-159.775,22.03,100,100,6.69,CK,1675047897
100,rach gia,10.0167,105.0833,23.42,59,47,6.58,VN,1675047898
101,south venice,27.0531,-82.4243,21.1,96,0,3.58,US,1675047898
102,ongandjera,-17.8833,15.0667,21.74,68,90,3.93,NA,1675047898
103,mecca,21.4267,39.8261,22.31,66,2,0.17,SA,1675047672
104,katobu,-4.9408,122.5276,30.1,62,99,2.95,ID,1675047899
105,celestun,20.8667,-90.4,25.27,68,0,3.73,MX,1675047900
106,mehamn,71.0357,27.8492,1.95,80,75,4.12,NO,1675047794
107,saint-paul,-21.0096,55.2707,26.06,82,100,3.07,RE,1675047738
108,havoysund,70.9963,24.6622,-0.87,96,100,3.64,NO,1675047900
109,thompson,55.7435,-97.8558,-31.93,100,82,2.15,CA,1675047640
110,azangaro,-14.9167,-70.2167,7.2,78,100,0.61,PE,1675047904
111,gabaldon,15.4522,121.3387,26.63,62,21,2.76,PH,1675047915
112,kudahuvadhoo,2.6708,72.8944,26.64,74,63,1.34,MV,1675047917
113,lompoc,34.6391,-120.4579,9.32,92,0,1.54,US,1675047710
114,iqaluit,63.7506,-68.5145,-31.36,97,100,1.04,CA,1675047920
115,damietta,31.4165,31.8133,14.49,70,0,3.88,EG,1675047921
116,meulaboh,4.1363,96.1285,27.87,75,35,1.24,ID,1675047921
117,luang prabang,19.8856,102.1347,20.42,40,2,1.43,LA,1675047922
118,constitucion,-35.3333,-72.4167,14.77,94,69,6.1,CL,1675047924
119,grand bend,43.3168,-81.7498,-0.63,85,98,0.45,CA,1675047663
120,menongue,-14.6585,17.691,16.57,95,99,1.82,AO,1675047927
121,cochrane,51.1834,-114.4687,-11.39,66,100,4.02,CA,1675047929
122,mar del plata,-38.0023,-57.5575,21.72,78,0,7.15,AR,1675047475
123,oyama,36.3,139.8,7.55,35,0,2.53,JP,1675047829
124,caravelas,-17.7125,-39.2481,23.76,87,2,1.93,BR,1675047934
125,makakilo city,21.3469,-158.0858,21.18,84,75,4.63,US,1675047939
126,ereymentau,51.6199,73.1033,-20.01,92,8,3.23,KZ,1675047942
127,vasterhaninge,59.1167,18.1,5.58,87,100,9.3,SE,1675047942
128,broome,42.2506,-75.833,6.03,80,100,4.12,US,1675047943
129,nueva loja,0.0847,-76.8828,21.91,75,57,1.22,EC,1675047883
130,asuncion,-25.3007,-57.6359,25.69,83,75,0.0,PY,1675047944
131,jamame,0.0722,42.7506,24.01,79,100,5.04,SO,1675047944
132,oussouye,12.485,-16.5469,19.59,41,38,3.58,SN,1675047945
133,victor harbor,-35.5667,138.6167,24.82,63,64,0.45,AU,1675047946
134,jamestown,42.097,-79.2353,-0.55,100,100,5.66,US,1675047833
135,sao miguel do araguaia,-13.275,-50.1628,21.97,89,96,0.98,BR,1675047946
136,tiksi,71.6872,128.8694,-37.73,98,76,2.24,RU,1675047947
137,lorengau,-2.0226,147.2712,29.04,72,26,2.04,PG,1675047947
138,bubaque,11.2833,-15.8333,24.71,45,79,7.04,GW,1675047948
139,new norfolk,-42.7826,147.0587,24.72,35,0,0.89,AU,1675047948
140,beringovskiy,63.05,179.3167,-1.79,98,100,5.42,RU,1675047949
141,hermanus,-34.4187,19.2345,18.22,73,90,8.99,ZA,1675047950
142,umm lajj,25.0213,37.2685,22.9,62,7,3.09,SA,1675047950
143,santa marta,11.2408,-74.199,27.72,64,15,8.94,CO,1675047951
144,chokurdakh,70.6333,147.9167,-33.42,98,100,2.85,RU,1675047951
145,ribeira grande,38.5167,-28.7,12.65,84,78,4.02,PT,1675047952
146,hovd,48.0056,91.6419,-14.14,66,1,1.5,MN,1675047952
147,rochester,43.1548,-77.6156,-0.57,89,100,1.34,US,1675047531
148,sauda,59.6506,6.3542,5.93,95,100,11.26,NO,1675047953
149,tiarei,-17.5333,-149.3333,29.01,72,3,3.56,PF,1675047953
150,hambantota,6.1241,81.1185,23.19,100,75,1.03,LK,1675047953
151,vao,-22.6667,167.4833,25.05,73,15,5.18,NC,1675047954
152,wanaka,-44.7,169.15,27.84,43,94,2.68,NZ,1675047816
153,piacabucu,-10.4056,-36.4344,24.65,84,25,3.19,BR,1675047955
154,airai,-8.9266,125.4092,23.22,67,98,0.64,TL,1675047955
155,tuburan,6.6439,122.2736,27.15,80,100,2.62,PH,1675047955
156,hithadhoo,-0.6,73.0833,27.36,74,100,3.83,MV,1675047956
157,salinopolis,-0.6136,-47.3561,24.96,87,85,3.04,BR,1675047956
158,hobart,-42.8794,147.3294,24.92,41,20,3.09,AU,1675047920
159,kavieng,-2.5744,150.7967,29.7,67,39,4.33,PG,1675047957
160,rumphi,-11.0186,33.8575,16.9,94,69,1.26,MW,1675047958
161,krasnoselkup,65.7,82.4667,-28.9,100,100,2.54,RU,1675047958
162,alta floresta,-9.8756,-56.0861,20.74,98,28,0.23,BR,1675047959
163,san pedro de macoris,18.4616,-69.2972,21.34,90,6,4.31,DO,1675047959
164,kaitangata,-46.2817,169.8464,16.93,79,100,3.56,NZ,1675047960
165,tahe,52.3333,124.7333,-15.43,79,23,1.51,CN,1675047924
166,olga,43.7444,135.2892,-10.03,44,16,6.31,RU,1675047961
167,piltene,57.2243,21.6744,3.97,100,100,11.83,LV,1675047961
168,west fargo,46.875,-96.9004,-23.88,80,0,3.6,US,1675047964
169,esperance,-33.8667,121.9,25.4,44,3,2.6,AU,1675047965
170,geraldton,-28.7667,114.6,36.23,34,0,4.63,AU,1675047967
171,albany,42.6001,-73.9662,5.7,73,100,2.01,US,1675047923
172,naze,28.3667,129.4833,13.25,52,39,6.12,JP,1675047970
173,parnarama,-5.6817,-43.0933,24.22,71,82,0.82,BR,1675047971
174,miraflores,19.2167,-98.8083,19.46,46,2,1.2,MX,1675047651
175,komsomolskiy,40.4272,71.7189,-1.6,80,100,1.03,UZ,1675047699
176,palimbang,6.2106,124.1894,28.44,79,95,3.3,PH,1675047978
177,tabou,4.423,-7.3528,24.79,88,100,2.29,CI,1675047979
178,victoria,22.2855,114.1577,18.35,36,5,0.45,HK,1675047936
179,great falls,47.5002,-111.3008,-18.66,67,0,7.72,US,1675047907
180,saint-philippe,-21.3585,55.7679,25.77,78,100,1.09,RE,1675047981
181,namibe,-15.1961,12.1522,23.55,77,100,2.22,AO,1675047983
182,nemuro,43.3236,145.575,-4.97,48,8,1.56,JP,1675047986
183,lichinga,-13.3128,35.2406,16.63,94,97,1.02,MZ,1675047987
184,faanui,-16.4833,-151.75,27.67,70,13,4.83,PF,1675047988
185,pringsewu,-5.3582,104.9744,26.65,82,93,1.62,ID,1675047989
186,chapais,49.7834,-74.8492,-25.79,99,32,0.99,CA,1675047989
187,nanchang,28.6833,115.8833,10.5,29,0,2.02,CN,1675047990
188,kidal,18.4411,1.4078,13.0,9,96,4.63,ML,1675047994
189,college,64.8569,-147.8028,-1.22,91,75,2.57,US,1675047995
190,leningradskiy,69.3833,178.4167,-21.65,97,74,3.03,RU,1675047996
191,rafai,4.95,23.9167,20.04,50,11,0.36,CF,1675047997
192,gatton,-27.55,152.2833,32.34,41,98,2.06,AU,1675048001
193,hilo,19.7297,-155.09,22.85,85,0,0.45,US,1675048002
194,vila,42.0304,-8.1588,-1.51,89,14,1.58,PT,1675048003
195,guadalajara,20.6667,-103.3333,19.99,47,0,2.24,MX,1675047804
196,dunedin,-45.8742,170.5036,18.78,76,89,1.79,NZ,1675048004
197,nacala,-14.5428,40.6728,24.33,94,17,2.42,MZ,1675048005
198,warmbad,-28.45,18.7333,19.71,48,0,2.65,NA,1675048005
199,boyolangu,-8.1181,111.8935,26.96,81,100,1.33,ID,1675048005
200,magistralnyy,56.1725,107.4458,-7.3,83,100,3.22,RU,1675048006
201,cap malheureux,-19.9842,57.6142,26.37,90,99,2.42,MU,1675048006
202,cockburn town,21.4612,-71.1419,24.88,76,11,10.41,TC,1675048007
203,rabo de peixe,37.8,-25.5833,11.73,87,75,5.14,PT,1675047999
204,kuching,1.55,110.3333,26.7,87,40,3.09,MY,1675047509
205,barrow,71.2906,-156.7887,-17.99,78,100,4.63,US,1675048008
206,qaqortoq,60.7167,-46.0333,-8.3,72,100,4.06,GL,1675048009
207,angoche,-16.2325,39.9086,24.73,89,1,0.98,MZ,1675048009
208,palmer,42.1584,-72.3287,7.23,73,20,3.6,US,1675047850
209,mackay,-21.15,149.2,32.05,67,74,3.05,AU,1675048010
210,maykor,59.0059,55.88,-12.99,93,99,3.99,RU,1675048010
211,laguna,38.421,-121.4238,8.36,81,75,3.09,US,1675048011
212,zalari,53.5584,102.5065,-11.51,93,100,2.65,RU,1675048011
213,carnarvon,-24.8667,113.6333,25.98,68,1,4.78,AU,1675048012
214,chutove,49.7104,35.1603,-4.6,87,21,1.72,UA,1675048012
215,san rafael,-34.6177,-68.3301,23.8,57,2,6.31,AR,1675048013
216,ahipara,-35.1667,173.1667,18.96,93,100,6.39,NZ,1675047962
217,kysyl-syr,63.8986,122.7617,-38.69,98,99,1.98,RU,1675048014
218,tuktoyaktuk,69.4541,-133.0374,-22.31,93,100,2.37,CA,1675047803
219,beinamar,8.6698,15.3813,24.15,18,18,1.58,TD,1675048015
220,cidreira,-30.1811,-50.2056,22.18,88,0,0.52,BR,1675048015
221,vestmanna,62.1564,-7.1664,0.51,75,100,15.43,FO,1675048015
222,waipawa,-41.4122,175.5153,23.26,63,100,1.41,NZ,1675048016
223,homer,59.6425,-151.5483,3.22,86,100,0.89,US,1675048016
224,bathsheba,13.2167,-59.5167,24.34,73,20,4.12,BB,1675048017
225,karoi,-16.8099,29.6925,17.11,94,99,1.55,ZW,1675048017
226,hualmay,-11.0964,-77.6139,22.24,82,100,3.19,PE,1675048018
227,nanortalik,60.1432,-45.2371,-4.3,83,100,3.71,GL,1675048018
228,flinders,-34.5833,150.8552,25.66,84,100,1.79,AU,1675048019
229,mendoza,-32.8908,-68.8272,23.05,70,43,4.14,AR,1675048019
230,santa maria del oro,25.9333,-105.3667,10.63,42,14,2.72,MX,1675048020
231,uruzgan,32.8333,66.0,-2.33,92,51,1.09,AF,1675048020
232,miesbach,47.789,11.8338,-5.37,91,29,1.82,DE,1675048020
233,prainha,-1.8,-53.48,23.58,82,58,1.12,BR,1675048021
234,conceicao do araguaia,-8.2578,-49.2647,22.33,92,25,1.04,BR,1675048021
235,san quintin,30.4833,-115.95,13.54,73,100,1.57,MX,1675048022
236,fare,-16.7,-151.0167,27.54,72,1,4.6,PF,1675048024
237,portland,45.5234,-122.6762,0.81,39,0,3.58,US,1675047448
238,high level,58.5169,-117.136,-12.87,85,91,4.15,CA,1675048027
239,tazovskiy,67.4667,78.7,-28.99,100,100,1.45,RU,1675048028
240,sao joao da barra,-21.6403,-41.0511,25.1,87,100,9.2,BR,1675048029
241,puerto ayora,-0.7393,-90.3518,24.75,94,76,1.21,EC,1675048044
242,itarema,-2.9248,-39.9167,24.88,86,6,3.74,BR,1675047939
243,hofn,64.2539,-15.2082,-2.29,63,8,4.64,IS,1675048046
244,hasaki,35.7333,140.8333,7.22,52,18,3.53,JP,1675048046
245,grindavik,63.8424,-22.4338,-0.74,74,75,3.6,IS,1675048049
246,quelimane,-17.8786,36.8883,27.97,89,20,2.57,MZ,1675048050
247,auki,-8.7676,160.7034,27.08,85,100,3.13,SB,1675048051
248,mul,20.0667,79.6667,22.68,51,16,1.71,IN,1675047669
249,tomra,62.5833,6.9333,5.0,97,100,8.02,NO,1675048052
250,harper,4.375,-7.7169,25.34,85,100,2.26,LR,1675048053
251,mazara del vallo,37.6641,12.588,9.41,78,4,2.5,IT,1675048054
252,korla,41.7597,86.1469,-8.8,72,67,2.18,CN,1675048055
253,port lincoln,-34.7333,135.8667,19.7,60,25,5.39,AU,1675048057
254,mauganj,24.6833,81.8833,17.46,25,14,1.86,IN,1675048063
255,tutoia,-2.7619,-42.2744,25.1,88,98,4.03,BR,1675048065
256,queanbeyan,-35.35,149.2333,19.21,96,75,4.12,AU,1675048065
257,fairbanks,64.8378,-147.7164,-1.21,91,40,2.57,US,1675048004
258,morant bay,17.8815,-76.4093,23.73,79,6,4.28,JM,1675048066
259,bowen,-20.0167,148.2333,28.09,68,98,5.05,AU,1675048066
260,tomatlan,19.9333,-105.25,20.66,80,0,0.95,MX,1675048067
261,batemans bay,-35.7167,150.1833,20.05,92,100,3.68,AU,1675048068
262,lieksa,63.3167,30.0167,-0.84,96,100,8.19,FI,1675048068
263,grand gaube,-20.0064,57.6608,26.32,90,100,2.39,MU,1675048069
264,huarmey,-10.0681,-78.1522,21.87,83,91,2.45,PE,1675048069
265,jaciara,-15.9653,-54.9683,21.13,92,86,1.25,BR,1675048070
266,hinganghat,20.5667,78.8333,22.76,41,12,2.03,IN,1675048070
267,blagoyevo,63.3667,47.9167,-10.2,94,98,3.81,RU,1675048071
268,benjamin aceval,-24.9667,-57.5667,26.08,93,60,1.15,PY,1675048072
269,darhan,49.4867,105.9228,-15.23,87,100,1.92,MN,1675048072
270,entre rios,-11.9419,-38.0844,20.69,96,2,0.82,BR,1675048073
271,vyartsilya,62.1764,30.693,-0.85,96,100,6.72,RU,1675048073
272,hakodate,41.7758,140.7367,-2.44,63,37,2.13,JP,1675048074
273,dingzhou,38.5131,114.9956,4.25,22,0,2.02,CN,1675048074
274,shimoda,34.6667,138.95,8.95,51,1,10.98,JP,1675048075
275,castro,-24.7911,-50.0119,16.29,96,100,1.11,BR,1675048076
276,vila praia de ancora,41.811,-8.8526,6.73,71,20,2.46,PT,1675048076
277,souillac,-20.5167,57.5167,25.91,80,100,1.52,MU,1675048077
278,siparia,10.1333,-61.5,22.12,80,5,3.31,TT,1675048077
279,pontes e lacerda,-15.2261,-59.3353,20.83,98,54,1.16,BR,1675047805
280,pisco,-13.7,-76.2167,23.03,83,0,5.14,PE,1675048078
281,tezu,27.9167,96.1667,24.52,25,4,0.92,IN,1675048078
282,beloha,-25.1667,45.05,21.99,97,46,1.92,MG,1675048079
283,tarabuco,-19.1667,-64.9167,9.61,87,91,1.29,BO,1675048080
284,bo phloi,14.3236,99.5161,22.03,32,14,7.47,TH,1675048081
285,the valley,18.217,-63.0578,23.94,75,10,9.33,AI,1675048081
286,rocha,-34.4833,-54.3333,19.4,90,58,2.28,UY,1675047921
287,salalah,17.0151,54.0924,18.05,42,40,4.63,OM,1675048082
288,itoman,26.1247,127.6694,17.21,45,75,6.17,JP,1675048083
289,yelizavetino,59.4916,29.7938,-0.68,96,100,6.6,RU,1675048084
290,najran,17.4924,44.1277,11.25,65,9,0.63,SA,1675048086
291,sinnamary,5.3833,-52.95,24.37,85,26,3.28,GF,1675048090
292,vamdrup,55.4276,9.2844,5.92,87,82,5.66,DK,1675048091
293,binga,-17.6203,27.3414,21.6,86,59,0.57,ZW,1675048092
294,qasigiannguit,68.8193,-51.1922,-7.86,69,100,4.48,GL,1675048093
295,uptar,59.75,150.9167,-14.9,73,100,4.93,RU,1675048095
296,noumea,-22.2763,166.4572,29.99,75,45,4.19,NC,1675047849
297,tasiilaq,65.6145,-37.6368,-7.91,91,100,4.07,GL,1675047796
298,lazaro cardenas,17.9583,-102.2,23.89,81,0,1.52,MX,1675048097
299,kapit,2.0167,112.9333,24.65,96,97,0.63,MY,1675048098
300,singapore,1.2897,103.8501,27.97,79,75,8.23,SG,1675048101
301,antofagasta,-23.65,-70.4,19.6,86,96,1.15,CL,1675047963
302,humberto de campos,-2.5983,-43.4611,23.16,94,24,1.79,BR,1675048103
303,chumikan,54.7183,135.315,-23.87,83,20,11.09,RU,1675048104
304,puerto baquerizo moreno,-0.9,-89.6,24.83,84,64,2.22,EC,1675048105
305,sao pedro,-22.5486,-47.9139,21.09,91,33,1.62,BR,1675048062
306,guigue,10.0853,-67.7792,19.19,96,16,1.99,VE,1675048106
307,detchino,54.8092,36.3075,-2.75,94,97,5.09,RU,1675048107
308,sitka,57.0531,-135.33,1.94,80,75,1.54,US,1675048108
309,kahului,20.8947,-156.47,23.8,81,40,5.14,US,1675048110
310,grand island,40.925,-98.342,-13.84,76,100,5.14,US,1675047921
311,liwonde,-15.0506,35.2035,21.14,96,88,0.37,MW,1675048114
312,gizo,-8.103,156.8419,26.56,83,100,2.6,SB,1675048116
313,yerbogachen,61.2767,108.0108,-15.18,97,99,1.71,RU,1675048121
314,diffa,13.3154,12.6113,24.42,15,36,3.55,NE,1675048122
315,iesolo,45.5331,12.6448,1.25,71,47,1.66,IT,1675048122
316,caraguatay,-26.6059,-54.7809,21.16,99,17,1.21,AR,1675048123
317,muros,42.7762,-9.0603,4.35,80,73,4.07,ES,1675048124
318,isangel,-19.55,169.2667,28.41,74,100,0.85,VU,1675048068
319,olafsvik,64.8945,-23.7142,-1.92,74,48,3.0,IS,1675048124
320,fortuna,40.5982,-124.1573,8.19,64,0,0.0,US,1675048125
321,mongo,12.1844,18.693,24.9,15,35,1.99,TD,1675048125
322,normandin,48.8333,-72.5321,-19.83,93,100,1.5,CA,1675048126
323,beira,-19.8436,34.8389,25.01,88,36,3.81,MZ,1675048126
324,brownsville,25.9018,-97.4975,22.83,96,0,6.69,US,1675048097
325,slave lake,55.2834,-114.769,-11.01,73,100,9.77,CA,1675048127
326,urubicha,-15.3833,-62.95,21.44,99,100,1.24,BO,1675048128
327,banepa,27.6298,85.5214,8.18,87,75,1.54,NP,1675047589
328,kirkwood,38.5834,-90.4068,-3.46,91,100,4.63,US,1675047893
329,churapcha,62.0025,132.4325,-41.06,95,81,0.78,RU,1675048128
330,mulchen,-37.7167,-72.2333,18.09,71,0,4.37,CL,1675048129
331,petropavlovsk-kamchatskiy,53.0452,158.6483,0.33,47,75,8.0,RU,1675048129
332,nivala,63.9167,24.9667,-0.73,97,100,4.12,FI,1675048130
333,stokmarknes,68.5646,14.9108,-0.02,69,100,1.54,NO,1675048131
334,vanimo,-2.6741,141.3028,28.84,73,60,2.29,PG,1675048131
335,nhulunbuy,-12.2333,136.7667,31.34,74,75,4.12,AU,1675048132
336,shahe,39.2708,113.5478,0.21,20,0,4.45,CN,1675048132
337,sharon,41.2331,-80.4934,1.53,94,100,4.63,US,1675047971
338,northam,51.0333,-4.2167,9.66,97,97,8.63,GB,1675048133
339,asfi,32.2994,-9.2372,9.22,68,0,4.62,MA,1675048133
340,wajir,1.7471,40.0573,22.0,79,49,4.72,KE,1675048133
341,port keats,-14.25,129.55,30.86,65,100,1.29,AU,1675048134
342,sokolo,14.7328,-6.1219,16.61,14,28,3.94,ML,1675048135
343,lithakia,37.7167,20.8333,2.65,75,36,3.7,GR,1675048135
344,poum,-20.2333,164.0167,26.64,71,4,7.02,NC,1675048136
345,hamilton,39.1834,-84.5333,4.13,94,100,1.79,US,1675047631
346,ilembula,-8.9,34.5833,15.28,94,2,2.83,TZ,1675048136
347,shingu,33.7333,135.9833,8.75,51,21,7.1,JP,1675048137
348,sangar,63.9242,127.4739,-41.61,94,46,0.98,RU,1675048137
349,consolacion del sur,22.5047,-83.5136,20.22,88,2,2.11,CU,1675048138
350,provideniya,64.3833,-173.3,-0.94,86,100,7.0,RU,1675048138
351,paducah,37.0834,-88.6001,4.05,97,100,4.12,US,1675048138
352,develi,38.3906,35.4922,-2.36,88,92,0.05,TR,1675048139
353,linden,6.0,-58.3,20.19,92,5,1.14,GY,1675048139
354,general roca,-39.0333,-67.5833,29.23,23,0,10.04,AR,1675047773
355,vila franca do campo,37.7167,-25.4333,12.23,78,26,3.45,PT,1675048140
356,samarai,-10.6167,150.6667,29.29,73,27,4.08,PG,1675048141
357,ossora,59.2353,163.0719,-0.57,92,100,11.95,RU,1675048141
358,campeche,19.0,-90.5,23.5,61,13,1.63,MX,1675048145
359,tateyama,34.9833,139.8667,9.38,46,3,10.44,JP,1675048146
360,port-gentil,-0.7193,8.7815,27.04,80,44,3.84,GA,1675048147
361,belmonte,-15.8631,-38.8828,24.46,82,2,2.61,BR,1675048148
362,sainte-martine,45.2501,-73.7992,-13.55,98,84,2.09,CA,1675048149
363,noshiro,40.2039,140.0242,-0.11,67,50,2.62,JP,1675048150
364,arvika,59.6553,12.5852,3.34,59,1,6.6,SE,1675048150
365,longyearbyen,78.2186,15.6401,-5.09,63,75,8.75,SJ,1675048153
366,luwuk,-0.9516,122.7875,29.29,69,100,1.32,ID,1675048155
367,tokur,53.1333,132.9,-27.41,90,84,1.57,RU,1675048158
368,olhao,37.0286,-7.8411,8.38,60,0,4.12,PT,1675048159
369,haines junction,60.7522,-137.5108,-8.86,95,100,0.04,CA,1675048161
370,serra,-20.1286,-40.3078,24.7,88,0,2.57,BR,1675048162
371,uruacu,-14.5247,-49.1408,20.62,93,100,0.31,BR,1675048163
372,domat,46.8348,9.4508,-1.95,68,28,2.19,CH,1675048164
373,jinchang,38.4953,102.1739,1.26,18,0,1.17,CN,1675048166
374,rundu,-17.9333,19.7667,19.13,93,100,0.98,NA,1675048167
375,deputatskiy,69.3,139.9,-37.42,97,66,0.24,RU,1675048168
376,sorong,-0.8833,131.25,26.74,84,98,3.84,ID,1675048171
377,inhambane,-23.865,35.3833,25.16,82,84,6.68,MZ,1675048174
378,arlit,18.7369,7.3853,14.01,6,44,3.71,NE,1675048175
379,kungurtug,50.5994,97.5228,-16.2,88,100,0.43,RU,1675048176
380,ous,60.9058,61.5186,-16.51,95,48,2.39,RU,1675048177
381,nishihara,26.1842,127.7558,16.81,46,75,6.17,JP,1675048178
382,amantea,39.1332,16.0746,6.75,66,3,2.74,IT,1675048179
383,naron,43.5167,-8.1528,7.23,86,17,2.81,ES,1675048181
384,ilulissat,69.2167,-51.1,-7.99,53,75,11.83,GL,1675048078
385,acapulco,16.8634,-99.8901,25.9,78,0,2.57,MX,1675047968
386,carsamba,41.1989,36.7219,4.86,100,75,1.54,TR,1675048186
387,gari,59.4307,62.3497,-12.43,92,65,4.09,RU,1675048186
388,krasnorechenskiy,44.6265,135.3532,-16.03,66,8,5.48,RU,1675048187
389,stromness,58.965,-3.296,6.04,82,70,13.86,GB,1675047887
390,shitanjing,39.2342,106.3439,1.12,11,6,0.66,CN,1675047917
391,ambon,-3.6954,128.1814,31.08,70,40,2.06,ID,1675048188
392,berlevag,70.8578,29.0864,1.97,60,20,4.12,NO,1675048188
393,gat,31.61,34.7642,14.11,100,3,0.52,IL,1675048188
394,mustla,58.2343,25.8584,2.01,97,100,7.83,EE,1675048189
395,lyaskelya,61.7667,31.0167,-0.66,97,100,7.79,RU,1675048190
396,upington,-28.4478,21.2561,22.51,31,0,2.43,ZA,1675048190
397,ailigandi,9.2333,-78.0167,25.54,76,100,4.9,PA,1675048191
398,margate,51.3813,1.3862,7.61,86,66,1.79,GB,1675048191
399,salisbury,51.0693,-1.7957,8.71,94,100,4.12,GB,1675048192
400,maryville,35.7565,-83.9705,7.84,96,100,2.06,US,1675048191
401,parana,-31.732,-60.5238,26.43,64,100,6.38,AR,1675048193
402,talaya,61.3833,152.75,-21.21,95,100,4.15,RU,1675048193
403,jumla,29.2747,82.1838,7.89,43,3,2.51,NP,1675048194
404,chuy,-33.6971,-53.4616,21.01,87,37,3.95,UY,1675047609
405,verkhniy avzyan,53.5289,57.5372,-17.82,99,100,0.98,RU,1675048194
406,kamakwie,9.5,-12.2333,23.06,86,13,1.17,SL,1675048195
407,nome,64.5011,-165.4064,-0.47,93,100,10.8,US,1675048195
408,lavrentiya,65.5833,-171.0,-5.2,95,100,7.47,RU,1675048196
409,saint anthony,45.0205,-93.218,-17.21,74,0,4.63,US,1675048196
410,gravelbourg,49.8834,-106.5512,-23.18,92,30,3.4,CA,1675048197
411,bartica,6.4,-58.6167,24.18,93,6,0.81,GY,1675048197
412,chapleau,47.8405,-83.4034,-18.97,99,100,0.78,CA,1675048198
413,santa maria,-29.6842,-53.8069,23.04,74,9,4.98,BR,1675047645
414,zeya,53.75,127.2667,-24.62,93,52,1.19,RU,1675048198
415,palamos,41.8484,3.1291,1.83,71,94,1.68,ES,1675048199
416,pundaguitan,6.3711,126.1689,25.83,86,100,4.24,PH,1675048200
417,yurga,55.7231,84.8861,-10.57,93,100,7.81,RU,1675048200
418,abu dhabi,24.4667,54.3667,17.2,78,40,0.51,AE,1675048183
419,garowe,8.4054,48.4845,18.42,81,39,5.36,SO,1675048210
420,ambovombe,-25.1667,46.0833,22.29,94,52,3.26,MG,1675048211
421,manado,1.487,124.8455,31.43,66,40,1.03,ID,1675048215
422,sibiti,-3.6819,13.3499,19.81,98,96,1.1,CG,1675048217
423,ithaki,38.3642,20.7185,10.5,61,61,2.93,GR,1675048221
424,torbay,47.6666,-52.7314,-3.47,76,83,1.34,CA,1675047959
425,pemangkat,1.1667,108.9667,25.22,89,100,4.27,ID,1675048223
426,tabuk,17.4189,121.4443,20.23,89,100,3.18,PH,1675048225
427,half moon bay,37.4636,-122.4286,9.37,80,100,6.69,US,1675048227
428,plouzane,48.3833,-4.6167,7.03,97,100,1.54,FR,1675048228
429,north bend,43.4065,-124.2243,2.31,74,0,2.57,US,1675048228
430,namatanai,-3.6667,152.4333,30.16,62,75,4.34,PG,1675047966
431,coihaique,-45.5752,-72.0662,18.97,63,100,1.54,CL,1675048020
432,zhoucheng,35.9122,116.3117,7.84,25,0,4.77,CN,1675048235
433,capreol,46.706,-80.9225,-17.47,98,100,0.51,CA,1675048236
434,portoferraio,42.8115,10.3146,6.43,62,35,4.13,IT,1675048238
435,mahanje,-9.9333,35.3333,16.74,95,1,1.61,TZ,1675048241
436,berdigestyakh,62.0989,126.6992,-38.07,97,85,0.76,RU,1675048242
437,katsuura,35.1333,140.3,8.93,49,6,6.71,JP,1675048242
438,ulaanbaatar,47.9077,106.8832,-19.93,84,25,0.0,MN,1675048238
439,mazyr,52.0495,29.2456,-1.99,88,100,4.96,BY,1675048244
440,mezen,65.8522,44.24,-5.55,93,100,4.84,RU,1675048244
441,lasa,46.6166,10.7002,-4.8,46,9,2.13,IT,1675048167
442,djibo,14.1022,-1.6306,15.9,9,100,4.63,BF,1675048245
443,balikpapan,-1.2675,116.8289,27.55,78,20,1.03,ID,1675048246
444,korsakovo,53.2677,37.3569,-5.41,89,99,4.36,RU,1675048246
445,gilbues,-9.8317,-45.3439,22.05,67,16,0.99,BR,1675048247
446,avera,33.194,-82.5271,9.1,98,100,2.09,US,1675048247
447,bolobo,-2.1667,16.2333,22.52,88,96,1.35,CD,1675048248
448,hawalli,29.2833,47.9972,15.36,78,0,2.24,KW,1675048248
449,nambutalai,9.7167,79.0,25.29,79,46,4.97,IN,1675048249
450,kudamatsu,34.0,131.8667,7.98,40,5,6.75,JP,1675048249
451,puerto leguizamo,-0.1934,-74.7819,23.27,61,19,0.54,CO,1675048250
452,saskylakh,71.9167,114.0833,-40.38,99,76,2.34,RU,1675048161
453,garwa,24.1833,83.8167,17.96,24,68,1.13,IN,1675047927
454,kieta,-6.2167,155.6333,29.3,72,76,3.5,PG,1675048251
455,pumiao,22.75,108.4833,16.5,22,6,1.56,CN,1675048251
456,morehead,37.2711,-87.1764,7.77,96,100,2.06,US,1675048252
457,abashiri,44.0213,144.2697,-5.03,59,8,1.97,JP,1675048253
458,osorno,-40.5667,-73.15,17.17,82,20,0.0,CL,1675048168
459,borogontsy,62.6683,131.1683,-41.35,96,71,0.48,RU,1675048253
460,cabo san lucas,22.8909,-109.9124,20.28,79,40,3.6,MX,1675048254
461,huangyan,28.6478,121.2594,11.66,32,0,1.16,CN,1675048254
462,kangayam,11.0,77.5667,22.97,76,34,1.82,IN,1675048255
463,bharatpur,27.2167,77.4833,13.14,79,99,3.13,IN,1675048255
464,bang saphan,11.2126,99.5117,25.41,51,100,6.94,TH,1675048154
465,los llanos de aridane,28.6585,-17.9182,12.86,77,75,3.6,ES,1675048256
466,calmar,53.2668,-113.8187,-11.28,51,100,5.14,CA,1675048257
467,kamenka,51.3223,42.7678,-4.25,97,100,3.5,RU,1675048257
468,lata,40.1629,-8.3327,3.93,78,87,1.94,PT,1675048257
469,magadan,59.5667,150.8,-11.62,72,100,4.18,RU,1675048258
470,fallon,39.4735,-118.7774,-3.07,62,100,6.69,US,1675048258
471,yershov,51.3513,48.2766,-7.71,92,100,3.4,RU,1675048149
472,birao,10.2849,22.7882,22.29,16,53,2.45,CF,1675048260
473,saint-georges,12.0564,-61.7485,23.55,77,6,4.19,GD,1675048260
474,new waterford,40.8451,-80.6145,3.63,95,100,2.26,US,1675048261
475,mogadishu,2.0371,45.3438,24.4,82,91,8.68,SO,1675048261
476,manadhoo,5.7667,73.3833,26.2,73,69,2.14,MV,1675048262
477,cherdakly,54.3594,48.845,-7.97,95,100,4.29,RU,1675048264
478,aquiraz,-3.9014,-38.3911,27.32,85,5,4.08,BR,1675048265
479,kirakira,-10.4544,161.9205,27.17,81,100,2.36,SB,1675048266
480,marsa matruh,31.3525,27.2453,13.69,62,0,4.9,EG,1675048267
481,bamiantong,44.9333,130.5333,-15.45,80,21,2.28,CN,1675048267
482,pacific grove,36.6177,-121.9166,8.95,83,75,2.06,US,1675048089
483,rockhampton,-23.3833,150.5,30.94,51,40,2.06,AU,1675048269
484,port blair,11.6667,92.75,28.02,69,75,4.12,IN,1675048270
485,fort nelson,58.8053,-122.7002,-12.81,96,100,0.45,CA,1675048271
486,taoudenni,22.6783,-3.9836,13.46,16,44,4.66,ML,1675048273
487,savannah bight,16.45,-85.85,26.54,72,15,8.9,HN,1675048273
488,rockingham,42.9668,-71.0995,8.17,69,96,3.94,US,1675048276
489,khorinsk,52.1657,109.7726,-14.23,91,100,0.72,RU,1675048279
490,upernavik,72.7868,-56.1549,-18.78,69,88,1.9,GL,1675048281
491,tigil,57.8,158.6667,-1.57,95,100,3.4,RU,1675048282
492,mollendo,-17.0231,-72.0147,22.64,84,100,2.59,PE,1675048286
493,altamira,-3.2033,-52.2064,21.83,97,87,0.63,BR,1675048077
494,port moresby,-9.4431,147.1797,28.82,76,55,3.3,PG,1675048288
495,bandarbeyla,9.4942,50.8122,23.37,63,81,6.82,SO,1675048290
496,norman wells,65.282,-126.8329,-16.16,99,98,1.76,CA,1675048291
497,marion,39.7684,-86.1555,1.13,84,100,4.63,US,1675047996
498,whithorn,18.2604,-78.0378,23.59,87,3,1.95,JM,1675048293
499,manggar,-2.8833,108.2667,29.19,68,99,4.69,ID,1675048295
500,podor,16.6527,-14.9587,19.17,21,100,4.55,MR,1675048298
501,ghanzi,-21.5667,21.7833,19.69,75,16,2.79,BW,1675048300
502,michigan city,41.7075,-86.895,-1.6,84,100,0.0,US,1675048302
503,kruisfontein,-34.0033,24.7314,12.5,80,26,1.87,ZA,1675048304
504,necochea,-38.5473,-58.7368,17.92,65,0,6.09,AR,1675047959
505,ilirska bistrica,45.5697,14.2408,-1.51,71,44,1.3,SI,1675048305
506,behbahan,30.5959,50.2417,13.17,49,86,3.17,IR,1675048307
507,sur,22.5667,59.5289,17.97,64,0,0.48,OM,1675048307
508,bantry,51.6833,-9.45,6.55,83,99,2.35,IE,1675048308
509,serebryansk,49.6925,83.2892,-18.83,91,17,1.75,KZ,1675048308
510,chernyshevskiy,63.0128,112.4714,-24.93,97,100,2.27,RU,1675048308
511,port hardy,50.6996,-127.4199,0.93,53,5,1.93,CA,1675048309
512,uarini,-2.99,-65.1083,22.72,99,100,0.64,BR,1675048309
513,barra do garcas,-15.89,-52.2567,21.33,96,100,0.81,BR,1675048310
514,aklavik,68.2191,-135.0107,-18.02,98,100,0.67,CA,1675048081
515,santa maria do suacui,-18.1903,-42.4142,19.5,97,48,0.56,BR,1675048311
516,andilamena,-17.0167,48.5833,18.76,96,82,1.19,MG,1675048311
517,kutahya,39.4242,29.9833,-3.52,88,100,1.55,TR,1675048311
518,hanzhong,33.0728,107.0303,8.33,33,0,0.27,CN,1675048312
519,villa carlos paz,-31.4241,-64.4978,21.88,90,84,1.55,AR,1675048074
520,vostok,46.4856,135.8833,-18.5,80,78,2.35,RU,1675048312
521,shenjiamen,29.9576,122.298,8.5,47,0,2.08,CN,1675048313
522,norman,35.2226,-97.4395,-5.64,87,100,7.2,US,1675048224
523,new glasgow,45.5834,-62.6486,2.1,87,100,7.66,CA,1675048061
524,husavik,66.0449,-17.3389,-5.07,74,100,6.01,IS,1675048314
525,dalvik,65.9702,-18.5286,-7.6,88,96,2.47,IS,1675048314
526,tuatapere,-46.1333,167.6833,19.85,72,100,2.98,NZ,1675048260
527,porto alegre,-30.0331,-51.23,24.99,83,0,2.57,BR,1675048315
528,rawson,-43.3002,-65.1023,32.22,19,0,14.11,AR,1675048315
529,guerrero negro,27.9769,-114.0611,14.0,71,0,3.47,MX,1675048316
530,oktyabrskiy,54.4815,53.471,-16.39,99,98,2.8,RU,1675048316
531,neuquen,-38.9516,-68.0591,29.32,22,0,9.46,AR,1675048197
532,pravda,46.9396,142.009,-5.66,71,100,4.64,RU,1675048317
533,hoquiam,46.9809,-123.8893,3.33,63,0,2.06,US,1675048317
534,tongliao,43.6125,122.2653,-4.43,36,45,3.18,CN,1675048318
535,hami,42.8,93.45,-5.65,30,2,0.56,CN,1675048318
536,glace bay,46.1969,-59.957,0.03,78,100,4.47,CA,1675048320
537,shahreza,32.0339,51.8794,2.86,63,31,3.61,IR,1675048320
538,khorixas,-20.3667,14.9667,22.58,49,98,2.57,NA,1675048321
539,ariquemes,-9.9133,-63.0408,21.85,99,98,0.98,BR,1675048322
540,domoni,-12.2569,44.5319,25.52,86,23,1.69,KM,1675048323
541,labuhan,-6.8844,112.2051,28.35,75,100,5.08,ID,1675048324
542,cairns,-16.9167,145.7667,33.93,87,100,0.51,AU,1675048328
543,kirillov,59.863,38.3813,-4.37,93,100,4.68,RU,1675048330
544,saint joseph,39.7686,-94.8466,-10.25,61,100,7.72,US,1675048300
545,oriximina,-1.7656,-55.8661,23.69,91,98,1.64,BR,1675048334
546,nuuk,64.1835,-51.7216,-3.94,69,100,4.8,GL,1675048334
547,sosnovka,56.255,51.2842,-13.27,96,100,2.66,RU,1675048335
548,coihueco,-36.6167,-71.8333,16.87,65,0,0.57,CL,1675048337
549,ordzhonikidze,52.4411,61.7408,-15.86,88,75,3.92,KZ,1675048339
550,saint-joseph,-21.3667,55.6167,25.21,78,100,1.13,RE,1675048342
551,sibolga,1.7427,98.7792,29.04,66,76,1.01,ID,1675048342
552,baghdad,33.3406,44.4009,11.95,76,90,5.66,IQ,1675048217
553,talakan,50.3167,130.3667,-22.34,90,83,1.92,RU,1675048347
554,aylmer,42.7668,-80.983,-3.3,91,92,3.06,CA,1675047779
555,meadow lake,34.8014,-106.5436,7.66,17,0,5.82,US,1675048349
556,litovko,49.2361,135.1742,-24.73,89,85,0.67,RU,1675048349
557,mareeba,-17.0,145.4333,31.36,73,89,2.94,AU,1675048350
558,grinnell,41.743,-92.7224,-13.01,74,100,5.14,US,1675048351
559,roald,62.5833,6.1333,5.97,75,75,6.17,NO,1675048352
560,kaeo,-35.1,173.7833,21.29,95,100,6.09,NZ,1675048353
561,pangnirtung,66.1451,-65.7125,-31.35,76,100,0.38,CA,1675048354
562,marsabit,2.3284,37.9899,16.55,57,5,6.91,KE,1675048355
563,pangai,-19.8,-174.35,28.21,74,92,3.66,TO,1675048365
564,acarau,-2.8856,-40.12,25.13,86,4,4.16,BR,1675048367
565,maceio,-9.6658,-35.7353,24.69,88,75,2.06,BR,1675048368
566,dharmanagar,24.3667,92.1667,20.97,41,0,1.19,IN,1675048368
567,hay river,60.8156,-115.7999,-23.39,100,25,2.5,CA,1675048369
568,conakry,9.538,-13.6773,25.16,80,100,5.18,GN,1675048370
569,kaliua,-5.0606,31.7936,16.6,94,45,1.78,TZ,1675048371
570,fatehpur,25.9333,80.8,14.73,51,0,3.4,IN,1675048372
571,deneysville,-26.8908,28.0971,15.8,90,97,6.06,ZA,1675048373
572,fasa,28.9383,53.6482,5.93,59,0,0.38,IR,1675048374
573,champerico,14.3,-91.9167,25.73,68,10,2.95,GT,1675048374
574,maryborough,-25.5333,152.7,29.01,52,86,3.56,AU,1675048375
575,farafangana,-22.8167,47.8333,25.25,81,67,2.07,MG,1675048376
576,okhotsk,59.3833,143.3,-19.91,75,100,9.7,RU,1675048376
577,tondano,1.3038,124.9112,27.05,63,67,0.88,ID,1675048376
578,svetlogorsk,52.6333,29.7333,-2.22,91,100,5.08,BY,1675048377
579,baykit,61.67,96.37,-18.77,100,98,0.9,RU,1675048377
580,gazanjyk,39.2446,55.5154,2.77,69,100,1.7,TM,1675048247
581,beauvais,49.4167,2.0,5.14,91,100,4.12,FR,1675048378
582,ballitoville,-29.539,31.2144,18.68,78,99,2.49,ZA,1675048379
583,manali,13.1667,80.2667,26.05,72,85,5.27,IN,1675048379
584,mindelo,16.8901,-24.9804,20.75,60,75,6.17,CV,1675048380
585,andenes,69.3143,16.1194,-0.01,69,40,5.66,NO,1675048380
586,vila velha,-20.3297,-40.2925,24.97,88,0,2.57,BR,1675047953
587,kasane,-17.8167,25.15,17.48,91,99,1.09,BW,1675048381
588,khromtau,50.2503,58.4347,-16.53,99,92,2.41,KZ,1675048382
589,gawler,-34.6,138.7333,25.65,64,11,4.05,AU,1675048203
590,belaya gora,68.5333,146.4167,-31.55,94,100,2.26,RU,1675048384
591,kiama,-34.6833,150.8667,25.77,89,100,4.78,AU,1675048386
592,igdir,39.9237,44.045,-0.45,100,75,0.0,TR,1675048261
593,luhyny,51.082,28.4006,-1.99,86,99,4.26,UA,1675048388
594,dukat,62.55,155.55,-15.75,93,100,4.77,RU,1675048389
595,toora-khem,52.4675,96.11,-12.58,94,100,0.36,RU,1675048390
596,tarakan,3.3,117.6333,29.72,79,75,2.57,ID,1675048391
597,astoria,46.1879,-123.8313,1.59,56,0,0.89,US,1675048392
